model,train_mae,test_mae
Decision Tree,1945.2461665564688,2763.884017258552
Random Forest,1715.0549943148828,2616.6210787628565
Gradient Boosting,1507.7997399673593,3141.343581046897
