model,train_accuracy,train_precision_macro,train_recall_macro,train_f1_macro,test_accuracy,test_precision_macro,test_recall_macro,test_f1_macro
Decision Tree,0.94875,0.9487196816376146,0.9485884116221419,0.9486311198696862,0.8075,0.8077965283188946,0.811125363704527,0.8084638148089924
Random Forest,0.97625,0.9763608492141254,0.9762039097509048,0.9762140979975331,0.8725,0.8759312797276887,0.8734542416495648,0.8744424778291398
Gradient Boosting,1.0,1.0,1.0,1.0,0.8725,0.8775323519232235,0.8745411848106905,0.8743693479295573
